-4.1254679672420025e-06, -0.001847640611231327, 3.051850947599719e-05
0.09082318161381409, 0.17901913868263364, 0.16998809778130436
-0.05226400471292436, 0.33269347669556737, 0.19370097964415417
-0.267606430046726, 0.24448716407641768, 0.19370097964415417
-0.5671192982117645, 0.1638593915849924, 0.20950956755272074
-0.749322181858588, 0.25480102375149727, 0.20950956755272074
-0.900241571594961, 0.3918640250340104, 0.20160527359843744
-1.1042005541385151, 0.5142642720602453, 0.1857966856898709
-1.3003438164596446, 0.6458853157237172, 0.20950956755272074
-1.7839981373399496, 0.48621986666694283, 0.20950956755272074
-1.9879818621557206, 0.5975342956371605, 0.22531815546128728
-2.2892352888011374, 0.43561391718685627, 0.22531815546128728
-2.473017798853107, 0.5173208639025688, 0.23322244941557055
-2.7057239840505645, 0.33307564072310925, 0.23322244941557055
-2.9051214221981354, 0.4037315733730793, 0.22531815546128728
-3.172026974905748, 0.2639063037931919, 0.22531815546128728
-3.4420959596754983, 0.10376396961510181, 0.217413861507004
-3.6512353604775853, 0.0007626861333847046, 0.217413861507004
-3.899317191739101, -0.0873704357072711, 0.217413861507004
-4.122376349812839, -0.1404541041702032, 0.23322244941557055
-4.321975975530222, -0.16033248277381063, 0.23322244941557055
-4.5418593341019005, -0.18755615269765258, 0.217413861507004
-4.752376207790803, -0.2092577894218266, 0.217413861507004
-5.015912059752736, -0.23638395918533206, 0.217413861507004
-5.268514156341553, -0.25429629581049085, 0.20950956755272074
-5.514913196093403, -0.2870036717504263, 0.20950956755272074
-5.713011584302876, -0.33275245781987906, 0.20950956755272074
-5.970327876508236, -0.3672830886207521, 0.217413861507004
-6.240099803835619, -0.3943952964618802, 0.20950956755272074
-6.483310661860742, -0.39569973899051547, 0.1857966856898709
-6.706295560055878, -0.4155258387327194, 0.1857966856898709
-6.923003121570218, -0.4168894658796489, 0.17789239173558763
-7.142820464505348, -0.4145508441142738, 0.15021210364085819
-7.350182174879592, -0.4196306341327727, 0.15021210364085819
-7.568473515508231, -0.43207660177722573, 0.15811639759514146
-7.796106580819469, -0.4389587533660233, 0.11069063386944182
-8.022168248076923, -0.44030146254226565, 0.15811639759514146
-8.243528100894764, -0.4305687756277621, 0.1857966856898709
-8.457105247071013, -0.4263964141719043, 0.16998809778130436
-8.700307852355763, -0.42400552425533533, 0.15811639759514146
-8.901425239804666, -0.4254039307124913, 0.15811639759514146
-9.133747740124818, -0.4378185234963894, 0.16998809778130436
-9.334885764110368, -0.4484551204368472, 0.1857966856898709
-9.54070909548318, -0.46277654357254505, 0.22531815546128728
-9.78863415447995, -0.4806992136873305, 0.22531815546128728
-10.00068942992948, -0.493159057572484, 0.22531815546128728
-10.239289277349599, -0.5240360884927213, 0.22531815546128728
-10.456038116593845, -0.5438760346733034, 0.217413861507004
-10.665000124194194, -0.567428667563945, 0.23322244941557055
-10.884891765424982, -0.5983474748209119, 0.23322244941557055
-11.09548296110006, -0.6533064898103476, 0.25298318430127875
-11.326320749125443, -0.6989820240996778, 0.25298318430127875
-11.568030385649763, -0.7261567777022719, 0.22531815546128728
-11.767654805385973, -0.7571208444423974, 0.22531815546128728
-12.012511373846792, -0.7972220992669463, 0.217413861507004
-12.261995463748462, -0.8151412229053676, 0.217413861507004
-12.522413318918552, -0.8422741577960551, 0.20160527359843744
-12.776595102972351, -0.8694210187532008, 0.217413861507004
-13.013623567356262, -0.8947585467249155, 0.20950956755272074
-13.219475809601136, -0.9220133707858622, 0.20950956755272074
-13.465883149881847, -0.9584158263169229, 0.217413861507004
-13.715420913649723, -1.0003542308695614, 0.1857966856898709
-13.950915132299997, -1.0367810567840934, 0.19370097964415417
-14.178626653912943, -1.0787682109512389, 0.20950956755272074
-14.443766982061788, -1.1262146811932325, 0.25298318430127875
-14.669923616165761, -1.1700529493391514, 0.217413861507004
-14.883603983093053, -1.212071439716965, 0.24507889034699545
-15.078592653619125, -1.2615222847089171, 0.25298318430127875
-15.312573280243669, -1.3182765957899392, 0.25298318430127875
-15.5371874186676, -1.3695088857784867, 0.25298318430127875
-15.757132763275877, -1.4244468994438648, 0.23322244941557055
-15.978645385010168, -1.483076703734696, 0.23322244941557055
-16.18613923585508, -1.5472807749174535, 0.260887478255562
-16.38425834069494, -1.6022675447165966, 0.2687917722098453
-16.61201529810205, -1.6645786804147065, 0.25298318430127875
-16.83199781307485, -1.736145426519215, 0.2687917722098453
-17.04573600308504, -1.8040308244526386, 0.28460036011841183
-17.268844814854674, -1.8792858715169132, 0.28460036011841183
-17.49509644275531, -1.9656197857111692, 0.260887478255562
-17.71823003672762, -2.051960659213364, 0.2925046540726951
-17.939817003381904, -2.1438479335047305, 0.2925046540726951
-18.169232094078325, -2.250498898793012, 0.27669606616412856
-18.387767094071023, -2.3719553630799055, 0.27669606616412856
-18.575113489932846, -2.4897862221114337, 0.28460036011841183
-18.767178228881676, -2.626083022914827, 0.28460036011841183
-18.960797864361666, -2.760528693906963, 0.2925046540726951
-19.152862616290804, -2.896825486328453, 0.2925046540726951
-19.34960855630925, -3.0349594615399837, 0.2925046540726951
-19.54948492278345, -3.1786293843761086, 0.2925046540726951
-19.75873192178551, -3.3296689558774233, 0.2925046540726951
-19.955494395806454, -3.4751934777013958, 0.2925046540726951
-20.150710242975038, -3.626264398917556, 0.2925046540726951
-20.345930230105296, -3.7791829551570117, 0.2925046540726951
-20.538044570421334, -3.937651396263391, 0.2925046540726951
-20.719262310187332, -4.103534779511392, 0.260887478255562
-20.88330607820535, -4.258370652329177, 0.2687917722098453
-21.03799161326606, -4.411379787605256, 0.2687917722098453
-21.19271432037931, -4.581017676740885, 0.2687917722098453
-21.341213346051518, -4.75621241889894, 0.2687917722098453
-21.481933806324378, -4.938815138768405, 0.2687917722098453
-21.60861484624911, -5.117753938771784, 0.24507889034699545
-21.73682187270606, -5.281908135395497, 0.28460036011841183
-21.86659618082922, -5.449754126835614, 0.27669606616412856
-22.007304269471206, -5.626813921611756, 0.27669606616412856
-22.157374734873883, -5.807548086158931, 0.260887478255562
-22.302768148190808, -5.9882927015423775, 0.27669606616412856
-22.451250695972703, -6.156096869613975, 0.2925046540726951
-22.602880195947364, -6.3368275430984795, 0.30831324198126164
-22.76857803267194, -6.534155607223511, 0.3162175359355449
-22.934288267686497, -6.737026590388268, 0.3004089480269784
-23.0890688583022, -6.932531401049346, 0.2925046540726951
-23.236033715540543, -7.118815437890589, 0.28460036011841183
-23.375224132207222, -7.314355093985796, 0.28460036011841183
-23.494159701978788, -7.515482967253774, 0.28460036011841183
-23.61310353630688, -7.720306119415909, 0.28460036011841183
-23.719591745641083, -7.932547704782337, 0.27669606616412856
-23.818280736042652, -8.142959075979888, 0.28460036011841183
-23.907632137881592, -8.360781910363585, 0.28460036011841183
-23.981397483323235, -8.580487232655287, 0.28460036011841183
-24.045825241308194, -8.807604020927101, 0.2925046540726951
-24.097793238935992, -9.040291607845575, 0.2925046540726951
-24.140423645440023, -9.280390659812838, 0.27669606616412856
-24.179915368556976, -9.511258482933044, 0.27669606616412856
-24.220908290182706, -9.716255868785083, 0.24112674336985382
-24.2556568798027, -9.917571914382279, 0.27669606616412856
-24.295227075810544, -10.183544888161123, 0.27669606616412856
-24.326936098223086, -10.419973054900765, 0.2925046540726951
-24.35708197299391, -10.654557065106928, 0.2925046540726951
-24.38879926071968, -10.894680512137711, 0.3004089480269784
-24.415843620023225, -11.13666205201298, 0.2925046540726951
-24.44445112987887, -11.380487744696438, 0.2925046540726951
-24.468369195528794, -11.618780974298716, 0.2925046540726951
-24.48760194191709, -11.853389378171414, 0.2925046540726951
-24.508410228649154, -12.095384856220335, 0.3162175359355449
-24.526104607677553, -12.339234943967313, 0.3162175359355449
-24.539138449472375, -12.590486044064164, 0.3004089480269784
-24.563093688106164, -12.845408028457314, 0.28460036011841183
-24.579229052527808, -13.089261599816382, 0.3004089480269784
-24.5984865820501, -13.334955842234194, 0.32016968291268655
-24.611561729747336, -13.604683335870504, 0.2925046540726951
-24.621502316149417, -13.867027243599296, 0.22531815546128728
-24.631327261275146, -14.077637242153287, 0.260887478255562
-24.633402539009694, -14.308588700369, 0.27669606616412856
-24.638558685663156, -14.522904434241354, 0.2925046540726951
-24.640621573315002, -14.74831297248602, 0.3004089480269784
-24.642721631680615, -14.990350269712508, 0.28460036011841183
-24.644813429913484, -15.228692285250872, 0.3004089480269784
-24.64222816855181, -15.467044757213444, 0.3004089480269784
-24.636520737200044, -15.703556558582932, 0.28460036011841183
-24.629274935810827, -15.949310041964054, 0.28460036011841183
-24.62355098349508, -16.17843128507957, 0.28460036011841183
-24.616272140818182, -16.409403651487082, 0.28460036011841183
-24.60431623761542, -16.64038647338748, 0.28460036011841183
-24.58768327353755, -16.87137974984944, 0.28460036011841183
-24.572613456402905, -17.10421718051657, 0.28460036011841183
-24.5544256005669, -17.337061582133174, 0.3004089480269784
-24.536233613733202, -17.568058342672884, 0.24112674336985382
-24.514874025131576, -17.776890398934484, 0.260887478255562
-24.495205616869498, -18.044843436218798, 0.260887478255562
-24.47542569669895, -18.262910204939544, 0.260887478255562
-24.45878446404822, -18.490208201110363, 0.27669606616412856
-24.44056356244255, -18.70827148621902, 0.3518021179845576
-24.417702768929303, -18.942973979748785, 0.32016968291268655
-24.390284680819605, -19.231268473900855, 0.28460036011841183
-24.36276747327065, -19.475219620391726, 0.27669606616412856
-24.338314615364652, -19.69514448242262, 0.2925046540726951
-24.318538818042725, -19.915058890823275, 0.27669606616412856
-24.29721225920366, -20.138672061264515, 0.27669606616412856
-24.285215040843468, -20.351178486831486, 0.2925046540726951
-24.2872737927828, -20.574739385396242, 0.2925046540726951
-24.286243408510927, -20.8112407294102, 0.3162175359355449
-24.282103244913742, -21.051444322336465, 0.3004089480269784
-24.273302541056182, -21.299048929009587, 0.32016968291268655
-24.264505961968098, -21.548501174896955, 0.3004089480269784
-24.251044712029397, -21.803506792522967, 0.3004089480269784
-24.23909292247845, -22.036337251309305, 0.3004089480269784
-24.222497109265532, -22.283959281165153, 0.3162175359355449
-24.205921945045702, -22.540819508954883, 0.32016968291268655
-24.18622873548884, -22.7976867062971, 0.3004089480269784
-24.16498476837296, -23.058252666145563, 0.2925046540726951
-24.143678846012335, -23.291104033123702, 0.28460036011841183
-24.119246622663923, -23.520267092157155, 0.2925046540726951
-24.09480613830965, -23.745734869968146, 0.2925046540726951
-24.06570923642721, -23.980451300740242, 0.2925046540726951
-24.028821359213907, -24.217032794374973, 0.2687917722098453
-23.97005762293702, -24.431491401512176, 0.25298318430127875
-23.89421898551518, -24.679245852399617, 0.28460036011841183
-23.82141578901792, -24.89004054153338, 0.28460036011841183
-23.7345979163656, -25.10825715167448, 0.2925046540726951
-23.65088982298039, -25.322771512903273, 0.2925046540726951
-23.57030390104046, -25.539126542396843, 0.3004089480269784
-23.480388623138424, -25.76658831629902, 0.2925046540726951
-23.38425790402107, -26.003302226308733, 0.2925046540726951
-23.291208055219613, -26.22338041011244, 0.30831324198126164
-23.199696577270515, -26.43421691097319, 0.30831324198126164
-23.10976889327867, -26.656135762576014, 0.30831324198126164
-23.013605118438136, -26.878068551886827, 0.30831324198126164
-22.90653644676786, -27.10372101329267, 0.30831324198126164
-22.799463640374597, -27.327525831293315, 0.2925046540726951
-22.693929202505387, -27.54208896867931, 0.2925046540726951
-22.593063566135243, -27.75294637074694, 0.30831324198126164
-22.48282727575861, -27.956434120424092, 0.30831324198126164
-22.358601080137305, -28.17842962546274, 0.30831324198126164
-22.24059857771499, -28.39486827235669, 0.3004089480269784
-22.094475858670194, -28.585502684116364, 0.3004089480269784
-21.94365542277228, -28.766909351106733, 0.3004089480269784
-21.781909438723233, -28.94279748853296, 0.3004089480269784
-21.615469862590544, -29.1113055171445, 0.3004089480269784
-21.442773545277305, -29.270589282736182, 0.3004089480269784
-21.259147552598733, -29.422506880015135, 0.3004089480269784
-21.064591882110108, -29.567058303393424, 0.2925046540726951
-20.87000729580177, -29.69867624854669, 0.24507889034699545
-20.684752066037618, -29.81918744603172, 0.2687917722098453
-20.463664095441345, -29.950864613521844, 0.2925046540726951
-20.276808539230842, -30.052902894094586, 0.2687917722098453
-20.08061949192779, -30.164200272411108, 0.24112674336985382
-19.856388686283026, -30.28479855833575, 0.260887478255562
-19.644646569387987, -30.41275952477008, 0.30831324198126164
-19.437552610354032, -30.527776557486504, 0.2925046540726951
-19.217994728765916, -30.646516736596823, 0.2925046540726951
-19.009329350607004, -30.755994327366352, 0.2925046540726951
-18.803773754567374, -30.861769665032625, 0.28460036011841183
-18.595079464954324, -30.958313768729568, 0.3004089480269784
-18.37385105958674, -31.027171147055924, 0.3004089480269784
-18.135444503684994, -31.08313336689025, 0.27669606616412856
-17.904783511476126, -31.116906485985965, 0.27669606616412856
-17.68813307513483, -31.14141005091369, 0.2687917722098453
-17.462087216670625, -31.14745811605826, 0.28460036011841183
-17.24536659149453, -31.140551798976958, 0.3004089480269784
-17.008353904471733, -31.12260492751375, 0.3004089480269784
-16.757281114987563, -31.091755925212055, 0.3004089480269784
-16.513966284459457, -31.044260746333748, 0.28460036011841183
-16.283136020298116, -31.00228060921654, 0.3004089480269784
-16.064848120091483, -30.99168247077614, 0.30831324198126164
-15.827860209392384, -30.9848214071244, 0.30831324198126164
-15.579942629439756, -30.970594165846705, 0.30831324198126164
-15.341375053452794, -30.954498376697302, 0.30831324198126164
-15.105942040681839, -30.94578617392108, 0.30831324198126164
-14.86583608732326, -30.938932055141777, 0.2925046540726951
-14.628839920216706, -30.928375685121864, 0.2925046540726951
-14.404336575069465, -30.927029638551176, 0.3004089480269784
-14.176719313545618, -30.927538194227964, 0.3004089480269784
-13.938176511786878, -30.922528210561723, 0.28460036011841183
-13.715228061308153, -30.919331025797874, 0.28460036011841183
-13.507865706109442, -30.914251366164535, 0.28460036011841183
-13.300507479114458, -30.911019342951477, 0.28460036011841183
-13.093145124381408, -30.905939674936235, 0.30831324198126164
-12.874869613791816, -30.900884383823723, 0.30831324198126164
-12.63167451339541, -30.906970653217286, 0.30831324198126164
-12.377595150843263, -30.926014774478972, 0.30831324198126164
-12.134416560467798, -30.939491587225348, 0.2925046540726951
-11.902142870298121, -30.94924873812124, 0.2925046540726951
-11.67299134953646, -30.960846555419266, 0.2925046540726951
-11.44694549497217, -30.96689448459074, 0.28460036011841183
-11.230237261508591, -30.96553095476702, 0.27669606616412856
-11.018210222595371, -30.966004610061646, 0.2925046540726951
-10.79995947680436, -30.972035108599812, 0.2925046540726951
-10.57078731735237, -30.97439470421523, 0.2925046540726951
-10.346316991432104, -30.987829683348536, 0.2925046540726951
-10.117165470612235, -30.999427464790642, 0.2925046540726951
-9.894241786387283, -31.00731603242457, 0.30831324198126164
-9.663527112745214, -31.017069645691663, 0.30831324198126164
-9.42501732945675, -31.026840667705983, 0.30831324198126164
-9.18182222446194, -31.032926850486547, 0.30831324198126164
-8.941736909677275, -31.03531078528613, 0.27669606616412856
-8.704761385335587, -31.03399246931076, 0.2925046540726951
-8.49273021821864, -31.032618432305753, 0.2925046540726951
-8.26981065684231, -31.042354601435363, 0.3004089480269784
-8.04376892343862, -31.05025009252131, 0.30831324198126164
-7.806818160403054, -31.060017593204975, 0.3004089480269784
-7.572968934196979, -31.062387564685196, 0.3004089480269784
-7.342258384160232, -31.07398876408115, 0.30831324198126164
-7.103752724418882, -31.085607369430363, 0.3004089480269784
-6.857435445650481, -31.089852821081877, 0.3004089480269784
-6.620468173990957, -31.092229734174907, 0.2925046540726951
-6.385051668970846, -31.090907881967723, 0.3162175359355449
-6.138717885944061, -31.087762757204473, 0.3162175359355449
-5.890874594449997, -31.10679278150201, 0.28460036011841183
-5.644577947270591, -31.12027640081942, 0.3004089480269784
-5.415426418709103, -31.13187407469377, 0.28460036011841183
-5.186287268821616, -31.149014660157263, 0.30831324198126164
-4.946218456432689, -31.158789054956287, 0.30831324198126164
-4.703039851505309, -31.172265687026083, 0.3162175359355449
-4.459852991101798, -31.182047033682466, 0.3162175359355449
-4.2088545160368085, -31.184455222915858, 0.3162175359355449
-3.9609699594439007, -31.1850088047795, 0.30831324198126164
-3.71618694299832, -31.178164860233665, 0.3162175359355449
-3.462049790599849, -31.17134179873392, 0.28460036011841183
-3.215724256762769, -31.171891880221665, 0.28460036011841183
-2.9990366512793116, -31.17976636486128, 0.3004089480269784
-2.7730072892736644, -31.193204653449357, 0.3162175359355449
-2.522021191602107, -31.201155720744282, 0.3162175359355449
-2.2632317300885916, -31.205428909976035, 0.3004089480269784
-2.018485844542738, -31.215213676914573, 0.3004089480269784
-1.7799677987932228, -31.22128923330456, 0.28460036011841183
-1.5414415013510734, -31.223669507540762, 0.28460036011841183
-1.3153873825795017, -31.226021924521774, 0.3004089480269784
-1.0877824926865287, -31.232073097024113, 0.30831324198126164
-0.8430201055598445, -31.234467277769, 0.30831324198126164
-0.5935723978909664, -31.233176616951823, 0.2925046540726951
-0.35034428007202223, -31.224481467157602, 0.2925046540726951
-0.11802106822142377, -31.21206666668877, 0.2925046540726951
0.11118409829214215, -31.199644897133112, 0.2925046540726951
0.34815549838822335, -31.200174003839493, 0.2925046540726951
0.5913712384062819, -31.19702174887061, 0.30831324198126164
0.8268083700095303, -31.18646152736619, 0.3004089480269784
1.0653635410126299, -31.17590826144442, 0.3004089480269784
1.302355568681378, -31.167199147865176, 0.3004089480269784
1.545596058247611, -31.15296103293076, 0.3162175359355449
1.7903914442867972, -31.14057403197512, 0.3162175359355449
2.049226283095777, -31.12452307296917, 0.32016968291268655
2.306514471245464, -31.102925708517432, 0.3162175359355449
2.577829734189436, -31.083207301795483, 0.3162175359355449
2.8351220473414287, -31.059762281365693, 0.30831324198126164
3.092418481654022, -31.034469618462026, 0.30831324198126164
3.345050222123973, -31.003623586613685, 0.2925046540726951
3.5976778385811485, -30.974625187925994, 0.30831324198126164
3.847195655980613, -30.94192454405129, 0.2925046540726951
4.092024030745961, -30.914756370242685, 0.30831324198126164
4.336856528825592, -30.885740551631898, 0.32016968291268655
4.594190075644292, -30.843819092027843, 0.3359935300759911
4.870236014307011, -30.800091749988496, 0.3162175359355449
5.143172152573243, -30.752662161830813, 0.3359935300759911
5.405215756793041, -30.695970004890114, 0.3162175359355449
5.675042093731463, -30.64483816223219, 0.3162175359355449
5.930857851635665, -30.584436793345958, 0.30831324198126164
6.188240874791518, -30.520343619398773, 0.30831324198126164
6.447182916745078, -30.456253916956484, 0.30831324198126164
6.699901239015162, -30.386607371270657, 0.3004089480269784
6.93548681010725, -30.309531982056797, 0.3004089480269784
7.172631399647798, -30.23246006667614, 0.3004089480269784
7.419150741072372, -30.146170828025788, 0.3162175359355449
7.667224973847624, -30.061732701025903, 0.3004089480269784
7.905953317473177, -29.97357841115445, 0.3004089480269784
8.132221851556096, -29.879853359423578, 0.3004089480269784
8.36473471741192, -29.782446942292154, 0.3004089480269784
8.598814850847702, -29.681348719634116, 0.3004089480269784
8.828222034557257, -29.57839241437614, 0.2925046540726951
9.056090810103342, -29.466194425709546, 0.2925046540726951
9.283955454418901, -29.355844071600586, 0.2925046540726951
9.507151279540267, -29.241787994280457, 0.2925046540726951
9.727216682280414, -29.133267872035503, 0.30831324198126164
9.95197976398049, -29.01551998546347, 0.2925046540726951
10.17830186226638, -28.897775574121624, 0.30831324198126164
10.39840023778379, -28.774474318604916, 0.2925046540726951
10.624738818965852, -28.64933933923021, 0.2925046540726951
10.838609342521522, -28.522328880615532, 0.2925046540726951
11.044655887584668, -28.408234497066587, 0.2925046540726951
11.260068928997498, -28.288618066348135, 0.27669606616412856
11.469258247700054, -28.163444795180112, 0.2687917722098453
11.667513789609075, -28.04748536227271, 0.28460036011841183
11.867336597468238, -27.927834127098322, 0.2925046540726951
12.07809729204746, -27.797121402807534, 0.2925046540726951
12.27794894942781, -27.664536681957543, 0.27669606616412856
12.466891574673355, -27.53007996501401, 0.2925046540726951
12.65115712955594, -27.395612806547433, 0.2925046540726951
12.84636056952877, -27.250084161758423, 0.2925046540726951
13.044686167733744, -27.102714829146862, 0.2925046540726951
13.239926705136895, -26.940557420719415, 0.2925046540726951
13.432032696378883, -26.785783608909696, 0.260887478255562
13.600736868393142, -26.63834816776216, 0.27669606616412856
13.76008690346498, -26.490891850553453, 0.2925046540726951
13.936610907898284, -26.332387959118932, 0.2925046540726951
14.120979490224272, -26.151729786302894, 0.2925046540726951
14.299091366003267, -25.9802958923392, 0.27669606616412856
14.470946533663664, -25.818086278624833, 0.2925046540726951
14.641263290133793, -25.646634984295815, 0.2925046540726951
14.813163795741275, -25.464101328980178, 0.2925046540726951
14.980370742618106, -25.288947793189436, 0.2925046540726951
15.14134572079638, -25.111932700965554, 0.3004089480269784
15.308585634105839, -24.92199804401025, 0.30831324198126164
15.475875011528842, -24.7098917090334, 0.2925046540726951
15.619774942693766, -24.499580832198262, 0.2925046540726951
15.752753471781034, -24.29294088529423, 0.2925046540726951
15.877949256682768, -24.080740622244775, 0.2925046540726951
15.992244255437981, -23.86297309352085, 0.28460036011841183
16.097176877548918, -23.648879969026893, 0.28460036011841183
16.18964969360968, -23.429216098040342, 0.28460036011841183
16.27744544239249, -23.209541789721698, 0.28460036011841183
16.369918247975875, -22.989877915475518, 0.28460036011841183
16.457722233666573, -22.766508328728378, 0.28460036011841183
16.54240817349637, -22.5431317826733, 0.28460036011841183
16.623976067698095, -22.31974828010425, 0.28460036011841183
16.694643179012928, -22.090797507669777, 0.28460036011841183
16.75284636253491, -21.858123630285263, 0.27669606616412856
16.79544284840813, -21.632805527187884, 0.2925046540726951
16.82713855151087, -21.401920155156404, 0.2925046540726951
16.849508984712884, -21.158080437220633, 0.2925046540726951
16.879670398135204, -20.91610575094819, 0.2925046540726951
16.91296221828088, -20.668595102615654, 0.27669606616412856
16.938430080132093, -20.434000538196415, 0.27669606616412856
16.96076753048692, -20.204941937234253, 0.27669606616412856
16.986255999072455, -19.96110917441547, 0.27669606616412856
17.003912263608072, -19.733887775801122, 0.27669606616412856
17.020030118117575, -19.49742470262572, 0.2687917722098453
17.031442054838408, -19.27388467034325, 0.2925046540726951
17.03977717284579, -19.031861285679042, 0.2925046540726951
17.046586250595283, -18.775053306482732, 0.2925046540726951
17.05181157181505, -18.52932768734172, 0.3004089480269784
17.05548199475743, -18.28175094956532, 0.28460036011841183
17.052924581163097, -18.0304650189355, 0.3004089480269784
17.05037128762342, -17.777331449557096, 0.3004089480269784
17.041581918427255, -17.524183965753764, 0.28460036011841183
17.031229402520694, -17.272880643140525, 0.2687917722098453
17.027063505200204, -17.04376290878281, 0.28460036011841183
17.022885238926392, -16.820188090670854, 0.28460036011841183
17.02341701107798, -16.581842593383044, 0.28460036011841183
17.02238563861465, -16.345341257285327, 0.28460036011841183
17.01819500612328, -16.12730935914442, 0.28460036011841183
17.01869380037533, -15.903744977898896, 0.2687917722098453
17.019188472419046, -15.682028234004974, 0.2687917722098453
17.016532126581296, -15.475085653364658, 0.28460036011841183
17.0139046368422, -15.255209593102336, 0.28460036011841183
17.008179719094187, -15.026088379323483, 0.2925046540726951
17.00555635202909, -14.80436467891559, 0.2687917722098453
17.00601804634789, -14.5974290529266, 0.2687917722098453
16.99555423622951, -14.396011997014284, 0.260887478255562
16.992897891555913, -14.189069414045662, 0.27669606616412856
16.993351341690868, -13.985829065088183, 0.25298318430127875
16.990732097707223, -13.762257725931704, 0.27669606616412856
17.014603819232434, -13.544288436882198, 0.27669606616412856
17.066509037220385, -13.339315234217793, 0.28460036011841183
17.10752997023519, -13.12138420715928, 0.28460036011841183
17.17036892910255, -12.907197154592723, 0.28460036011841183
17.24883518408751, -12.676416129805148, 0.28460036011841183
17.317906092386693, -12.464090627152473, 0.28460036011841183
17.396302258304786, -12.264719473198056, 0.28460036011841183
17.49186412448762, -12.057996019721031, 0.28460036011841183
17.601436549331993, -11.860542066395283, 0.27669606616412856
17.706336034229025, -11.66123003931716, 0.2925046540726951
17.822173382155597, -11.45085652032867, 0.3004089480269784
17.933346036297735, -11.234929647762328, 0.28460036011841183
18.041367665922735, -11.033776932861656, 0.28460036011841183
18.155596517957747, -10.845571605488658, 0.28460036011841183
18.268274588277563, -10.653667522128671, 0.28460036011841183
18.390294400101993, -10.467327223159373, 0.28460036011841183
18.52324795513414, -10.271773069631308, 0.28460036011841183
18.64371698483592, -10.081734011415392, 0.28460036011841183
18.775086776702665, -9.897262216545641, 0.2687917722098453
18.90335501357913, -9.705392902716994, 0.2687917722098453
19.028472232457716, -9.52829775121063, 0.28460036011841183
19.148916514532175, -9.34934452176094, 0.2925046540726951
19.27564632514259, -9.14823352964595, 0.27669606616412856
19.396140057768207, -8.947108623571694, 0.27669606616412856
19.51504591642879, -8.75891371537, 0.27669606616412856
19.64950485958252, -8.587382340338081, 0.28460036011841183
19.788669706555083, -8.40292791929096, 0.28460036011841183
19.91848867974477, -8.214757352601737, 0.2925046540726951
20.056082132679876, -8.035842369310558, 0.27669606616412856
20.20458459184738, -7.85879936767742, 0.3004089480269784
20.367114091466647, -7.683635304681957, 0.27669606616412856
20.532745133619756, -7.515868752729148, 0.2925046540726951
20.70147772092605, -7.355499711818993, 0.30831324198126164
20.876471108582336, -7.184058740735054, 0.30831324198126164
21.05927606637124, -7.005244597326964, 0.30831324198126164
21.237375114113092, -6.839353495743126, 0.30831324198126164
21.42326924810186, -6.673479778692126, 0.30831324198126164
21.612302019726485, -6.4983748137019575, 0.28460036011841183
21.802856708236504, -6.339902080595493, 0.28460036011841183
21.974670201772824, -6.196168728172779, 0.30831324198126164
22.15742154425243, -6.0413738787174225, 0.2925046540726951
22.355758945341222, -5.888461440335959, 0.28460036011841183
22.55094945494784, -5.748475519474596, 0.28460036011841183
22.744560334656853, -5.617724315263331, 0.3004089480269784
22.939750830992125, -5.477738387417048, 0.28460036011841183
23.138071724039037, -5.332216490991414, 0.3004089480269784
23.350419654045254, -5.188573527615517, 0.3004089480269784
23.558098765381146, -5.04122484754771, 0.3004089480269784
23.762659834173974, -4.8938692095689476, 0.3004089480269784
23.96566599968355, -4.744662448298186, 0.28460036011841183
24.16242784471251, -4.599137055687606, 0.3004089480269784
24.354516748222522, -4.451753586065024, 0.3004089480269784
24.548177029006183, -4.29883067170158, 0.3004089480269784
24.74029476911528, -4.138513719197363, 0.28460036011841183
24.933975641790312, -3.976352599915117, 0.28460036011841183
25.11360473994864, -3.823398381937295, 0.28460036011841183
25.296323025715537, -3.6833845912478864, 0.28460036011841183
25.475943873927463, -3.534125644247979, 0.3004089480269784
25.658703353488818, -3.3756354502402246, 0.28460036011841183
25.847707142413128, -3.2134638824500144, 0.28460036011841183
26.03198854252696, -3.071605914272368, 0.28460036011841183
26.231818912667222, -2.948259108234197, 0.28460036011841183
26.440966300084256, -2.841561914421618, 0.28460036011841183
26.651680941751692, -2.7311729132197797, 0.28460036011841183
26.867031427682377, -2.639270735438913, 0.3004089480269784
27.094808727444615, -2.5677204011008143, 0.3004089480269784
27.341277755855117, -2.503602339886129, 0.3004089480269784
27.589276956685353, -2.452421225141734, 0.3004089480269784
27.8403694711742, -2.4123328952118754, 0.28460036011841183
28.080524135613814, -2.383306060452014, 0.28460036011841183
28.31757312361151, -2.348729349207133, 0.28460036011841183
28.554622109921183, -2.3141526323743165, 0.3004089480269784
28.791646373982076, -2.290661745239049, 0.30831324198126164
29.036445125413593, -2.2764264326542616, 0.30831324198126164
29.29374486033339, -2.2492854492738843, 0.30831324198126164
29.55416262691142, -2.222151410765946, 0.30831324198126164
29.809878619445954, -2.2060927748680115, 0.30831324198126164
30.062484817695804, -2.1863319003023207, 0.30831324198126164
30.315095132333227, -2.1647233800031245, 0.30831324198126164
30.569293301785365, -2.1301848529838026, 0.3162175359355449
30.83750615239842, -2.1030681622214615, 0.3162175359355449
31.107261538214516, -2.0833454988896847, 0.32016968291268655
31.378567703824956, -2.0673215822316706, 0.30831324198126164
31.635793272114825, -2.0734380506910384, 0.32016968291268655
31.894516065891366, -2.1072725798003376, 0.3004089480269784
32.14386003825348, -2.1521720844320953, 0.3004089480269784
32.397893426707014, -2.191539090592414, 0.3162175359355449
32.65971778403036, -2.232771110255271, 0.3162175359355449
32.92933311290108, -2.2758681420236826, 0.3359935300759911
33.21142470772611, -2.317145331762731, 0.3162175359355449
33.487288472184446, -2.3547133333049715, 0.3162175359355449
33.74601539847208, -2.386700174305588, 0.3162175359355449
34.000015843776055, -2.440848257858306, 0.3162175359355449
34.25557119050063, -2.496847447939217, 0.3162175359355449
34.514252816094086, -2.5491583039984107, 0.3162175359355449
34.77760325744748, -2.605174859985709, 0.3162175359355449
35.03941528085852, -2.6519497334957123, 0.30831324198126164
35.298113387601916, -2.696870011743158, 0.30831324198126164
35.55369757983135, -2.73993569239974, 0.3359935300759911
35.81240393104963, -2.7811606768518686, 0.3162175359355449
36.08825535932556, -2.8242715229280293, 0.3004089480269784
36.33605682500638, -2.86177688697353, 0.3004089480269784
36.582274565298576, -2.910364608746022, 0.3004089480269784
36.83001837483607, -2.9737369138747454, 0.3004089480269784
37.07150964194443, -3.044485871680081, 0.3004089480269784
37.30985816579778, -3.126313709653914, 0.3004089480269784
37.53881552023813, -3.224749447312206, 0.3280739768669698
37.7771352234995, -3.319510750938207, 0.30831324198126164
38.020140224078204, -3.4105871953070164, 0.30831324198126164
38.26003542752005, -3.49796140473336, 0.30831324198126164
38.50772160664201, -3.5872006197459996, 0.30831324198126164
38.739813492342364, -3.6782527226023376, 0.3162175359355449
38.95626578445081, -3.7914417437277734, 0.2925046540726951
39.19761295418721, -3.926858033053577, 0.2925046540726951
39.40626604645513, -4.041877310257405, 0.3004089480269784
39.625828154035844, -4.1587685463018715, 0.3004089480269784
39.84850006690249, -4.279362004250288, 0.28460036011841183
40.064952384796925, -4.3925510020926595, 0.28460036011841183
40.273613735160325, -4.50387498177588, 0.27669606616412856
40.46977000217885, -4.629952275659889, 0.2687917722098453
40.65657628088957, -4.754161078017205, 0.2925046540726951
40.84489217097871, -4.900545028503984, 0.2925046540726951
41.04254982230486, -5.052492737770081, 0.2925046540726951
41.22461317759007, -5.206253339070827, 0.2925046540726951
41.38949851645157, -5.372909193858504, 0.2925046540726951
41.56527228013147, -5.550675206352025, 0.2925046540726951
41.748845261579845, -5.726610943675041, 0.2925046540726951
41.92927138967207, -5.9154732106253505, 0.28460036011841183
42.09256479085889, -6.096906695514917, 0.2925046540726951
42.24023919389583, -6.291238909587264, 0.2925046540726951
42.384750270750374, -6.505888209212571, 0.2925046540726951
42.526172141951974, -6.707597081083804, 0.30831324198126164
42.64259207632858, -6.935117315500975, 0.2925046540726951
42.75274711748352, -7.175557127222419, 0.2925046540726951
42.86137608985882, -7.401212348137051, 0.2925046540726951
42.96061801153701, -7.64162783883512, 0.2687917722098453
43.033368976262864, -7.876441346947104, 0.260887478255562
43.084326622483786, -8.09642510022968, 0.27669606616412856
43.119689964398276, -8.318221749272197, 0.28460036011841183
43.15659173973836, -8.549260071478784, 0.28460036011841183
43.19817057315959, -8.78030881471932, 0.27669606616412856
43.250646073021926, -9.01877243630588, 0.27669606616412856
43.29381686844863, -9.235043536871672, 0.28460036011841183
43.34317845274927, -9.471652569249272, 0.2687917722098453
43.39252356777433, -9.71565216081217, 0.2687917722098453
43.421667318674736, -9.930044354405254, 0.28460036011841183
43.46321322582662, -10.175874212291092, 0.27669606616412856
43.48917306220392, -10.419821690768003, 0.28460036011841183
43.50580348947551, -10.65266248350963, 0.27669606616412856
43.5115290209651, -10.881783680524677, 0.27669606616412856
43.509455335035454, -11.112735147587955, 0.3004089480269784
43.507311657071114, -11.375096483156085, 0.30831324198126164
43.505151509831194, -11.644848378840834, 0.27669606616412856
43.50454626447754, -11.916451388038695, 0.28460036011841183
43.50868395646103, -12.158502587117255, 0.27669606616412856
43.509703605261166, -12.400546836666763, 0.27669606616412856
43.51852247072384, -12.640760818496346, 0.27669606616412856
43.52892505994532, -12.869892436079681, 0.23322244941557055
43.52989942388376, -13.132260721176863, 0.260887478255562
43.54021966550499, -13.398345129098743, 0.28460036011841183
43.545957551919855, -13.621923407539725, 0.2687917722098453
43.55637249490246, -13.845512107480317, 0.28460036011841183
43.558951167506166, -14.08755983132869, 0.2925046540726951
43.5350223890855, -14.331396134570241, 0.2925046540726951
43.51421164651401, -14.575239384081215, 0.2925046540726951
43.49340914003551, -14.815387357957661, 0.28460036011841183
43.47728780913167, -15.053698111325502, 0.3004089480269784
43.4596033404232, -15.293853032402694, 0.28460036011841183
43.445024558575824, -15.539557818789035, 0.28460036011841183
43.42111636081245, -15.774155922234058, 0.27669606616412856
43.397220511571504, -16.003211109898984, 0.27669606616412856
43.368639369204175, -16.235951151698828, 0.25298318430127875
43.329182141809724, -16.452038118615746, 0.2687917722098453
43.28504373296164, -16.669962303712964, 0.30831324198126164
43.24867572064977, -16.89898969605565, 0.2687917722098453
43.21698888426181, -17.1261798706837, 0.28460036011841183
43.18687753373524, -17.34598296135664, 0.24112674336985382
43.1599006964243, -17.558402443304658, 0.28460036011841183
43.124996996251866, -17.82992901559919, 0.2925046540726951
43.09794192377012, -18.077453647274524, 0.2925046540726951
43.07870253821602, -18.315757452044636, 0.2925046540726951
43.05475726677105, -18.566984310746193, 0.2925046540726951
43.02769807330333, -18.816356581170112, 0.2925046540726951
42.98195945570478, -19.052753685042262, 0.2925046540726951
42.93778808880597, -19.285458981990814, 0.3004089480269784
42.89984868670581, -19.520025817211717, 0.28460036011841183
42.863451833603904, -19.761986683122814, 0.3004089480269784
42.81929281324847, -19.98914906056598, 0.3004089480269784
42.78134105342906, -20.229258813429624, 0.3004089480269784
42.73869164043572, -20.478596340399235, 0.2687917722098453
42.70540458650794, -20.724259433336556, 0.24112674336985382
42.67373419605428, -20.944059046916664, 0.22531815546128728
42.64198557246709, -21.198963810689747, 0.25298318430127875
42.60089517268352, -21.448304811492562, 0.3004089480269784
42.556703201669734, -21.690248304978013, 0.3004089480269784
42.51718417351367, -21.934049860108644, 0.22531815546128728
42.46210375480587, -22.16488319495693, 0.28460036011841183
42.38061879837187, -22.351314118597656, 0.2925046540726951
42.2788418639102, -22.548785713035613, 0.3004089480269784
42.17701963003492, -22.766581340227276, 0.28460036011841183
42.067377578874584, -22.995445432607085, 0.28460036011841183
41.96711847675033, -23.211396892555058, 0.28460036011841183
41.868438977049664, -23.41811362793669, 0.260887478255562
41.76040122896666, -23.62665715487674, 0.2925046540726951
41.65548151865369, -23.835207629948854, 0.28460036011841183
41.54899866512278, -24.045602270402014, 0.2925046540726951
41.44255286618136, -24.239368153735995, 0.3004089480269784
41.32829548616428, -24.440507220104337, 0.3004089480269784
41.196835337090306, -24.665627378504723, 0.28460036011841183
41.07006871694466, -24.88336740201339, 0.2925046540726951
40.952664452488534, -25.097432992886752, 0.30831324198126164
40.83992489607772, -25.317051923368126, 0.28460036011841183
40.71627630502917, -25.53479889081791, 0.3004089480269784
40.59265241085086, -25.74146001972258, 0.3004089480269784
40.47994578210637, -25.94629783090204, 0.27669606616412856
40.356350705435034, -26.140025479719043, 0.2925046540726951
40.217214823525865, -26.311546709388494, 0.30831324198126164
40.06243106769398, -26.508900140412152, 0.30831324198126164
39.90140710369451, -26.70808731112629, 0.2925046540726951
39.732604497112334, -26.899866547901183, 0.30831324198126164
39.57163405214669, -27.075034398119897, 0.2925046540726951
39.39665711473208, -27.239085137378424, 0.3004089480269784
39.21077114006039, -27.401263909880072, 0.28460036011841183
39.02957045834046, -27.559757824987173, 0.28460036011841183
38.84063643688569, -27.690519772004336, 0.28460036011841183
38.65171064448077, -27.817586433142424, 0.28460036011841183
38.451929349976126, -27.918761814478785, 0.27669606616412856
38.24747922248207, -28.016231488902122, 0.2925046540726951
38.041445359180216, -28.12478352105245, 0.2925046540726951
37.818266369518824, -28.23144968273118, 0.2925046540726951
37.59671229124069, -28.308557082898915, 0.2925046540726951
37.36892212199746, -28.385650577954948, 0.2925046540726951
37.13955645338865, -28.470131150912493, 0.2925046540726951
36.91019489930477, -28.55276407999918, 0.2925046540726951
36.680825104238465, -28.639092281460762, 0.28460036011841183
36.45616120111663, -28.712497427593917, 0.28460036011841183
36.23461533850059, -28.785909519530833, 0.30831324198126164
35.99903003772488, -28.862985606770962, 0.2925046540726951
35.766566895879805, -28.938220999203622, 0.28460036011841183
35.54035219462821, -29.007927369326353, 0.30831324198126164
35.29858845635317, -29.059122587088495, 0.30831324198126164
35.04746234824415, -29.113992223981768, 0.28460036011841183
34.810367435216904, -29.168893134221435, 0.28460036011841183
34.58578588505043, -29.205345447640866, 0.28460036011841183
34.36592670821119, -29.22148414887488, 0.28460036011841183
34.13829301582882, -29.228367270436138, 0.2925046540726951
33.91065520403208, -29.23709802655503, 0.2925046540726951
33.67211247602245, -29.24210916645825, 0.2925046540726951
33.43205191747984, -29.228640432935208, 0.27669606616412856
33.18731017434038, -29.217008902225643, 0.3004089480269784
32.94566587702138, -29.21462251758203, 0.28460036011841183
32.69779785210267, -29.206679304130375, 0.28460036011841183
32.46395690616919, -29.200615006498992, 0.23322244941557055
32.24260049458826, -29.189035593066365, 0.28460036011841183
32.03526704251999, -29.18118273606524, 0.28460036011841183
31.798299814458005, -29.178806750569493, 0.3004089480269784
31.53795961284777, -29.170835699886084, 0.3162175359355449
31.290070992021356, -29.172130648512393, 0.3004089480269784
31.037501185492147, -29.175262801814824, 0.3004089480269784
30.78337235673098, -29.178391472436488, 0.28460036011841183
30.541711584024597, -29.183395586907864, 0.28460036011841183
30.301585114444606, -29.199489006306976, 0.27669606616412856
30.073959656234365, -29.20267675537616, 0.2687917722098453
29.852603249368258, -29.191097288392484, 0.2925046540726951
29.634348402672913, -29.186915325000882, 0.28460036011841183
29.406722946849186, -29.190103059168905, 0.28460036011841183
29.174457504588645, -29.176651601679623, 0.2687917722098453
28.937514996912796, -29.163189710583538, 0.2925046540726951
28.706796217651572, -29.155284638050944, 0.2925046540726951
28.465164284803905, -29.147355224005878, 0.2925046540726951
28.226654514030088, -29.137585117015988, 0.2925046540726951
27.981896297540516, -29.133344016503543, 0.2925046540726951
27.73869298293721, -29.130954028572887, 0.2925046540726951
27.495485548162833, -29.130411671940237, 0.2925046540726951
27.252302835287992, -29.118783473502845, 0.27669606616412856
27.024735065118875, -29.096104198601097, 0.27669606616412856
26.800260617339518, -29.084517708979547, 0.24112674336985382
26.59449031337863, -29.074820574838668, 0.260887478255562
26.33103207370732, -29.06684243446216, 0.24507889034699545
26.0691328587709, -29.058867761399597, 0.24112674336985382
25.818204486451577, -29.02505046967417, 0.25298318430127875
25.553265518974513, -28.981963681057096, 0.2925046540726951
25.330395427241456, -28.950056599918753, 0.3359935300759911
25.077899794268887, -28.9199310913682, 0.30831324198126164
24.812927868799306, -28.89162539737299, 0.3004089480269784
24.551065744599327, -28.867021930404007, 0.2925046540726951
24.317311351071112, -28.822157010436058, 0.2925046540726951
24.08359404327348, -28.7606633300893, 0.30831324198126164
23.84362416912336, -28.70654629357159, 0.32016968291268655
23.591190364270005, -28.648706153500825, 0.2687917722098453
23.341882848297246, -28.58717768266797, 0.2687917722098453
23.136256796191446, -28.51281309593469, 0.28460036011841183
22.93375291203847, -28.43660781951621, 0.3004089480269784
22.706312923459336, -28.356651620473713, 0.3004089480269784
22.469527049863245, -28.272979273926467, 0.3004089480269784
22.23271645256318, -28.20039275707677, 0.3004089480269784
22.008382154686842, -28.125986416824162, 0.3359935300759911
21.762229795043822, -28.04783610580489, 0.30831324198126164
21.505172531760763, -27.965966165531427, 0.30831324198126164
21.265235662285704, -27.897067950107157, 0.28460036011841183
21.031543126271572, -27.824488359503448, 0.28460036011841183
20.82441990840016, -27.722405655309558, 0.24507889034699545
20.661019370600116, -27.589010450523347, 0.2687917722098453
20.538211106846575, -27.429838712327182, 0.2925046540726951
20.407648954715114, -27.25217318860814, 0.3004089480269784
20.23972386866808, -27.05040488159284, 0.30831324198126164
20.078034873702563, -26.848650484345853, 0.2925046540726951
19.916350009385496, -26.64504844509065, 0.2925046540726951
19.770214147749357, -26.459957575425506, 0.30831324198126164
19.617854573065415, -26.26930987322703, 0.30831324198126164
19.454598338576034, -26.071247267071158, 0.30831324198126164
19.28198798408266, -25.873163788113743, 0.3162175359355449
19.100060604687314, -25.658430684823543, 0.3162175359355449
18.91654535609996, -25.456627575680614, 0.3004089480269784
18.729920316138305, -25.251122227404267, 0.3162175359355449
18.55418782355264, -25.05487942136824, 0.3518021179845576
18.369105334451888, -24.85676810098812, 0.32016968291268655
18.17158365639625, -24.643847838509828, 0.2925046540726951
17.988018980890047, -24.464216385036707, 0.28460036011841183
17.82157057110453, -24.299404304940253, 0.28460036011841183
17.659790983831044, -24.13829793408513, 0.28460036011841183
17.51206732785795, -23.966137029230595, 0.3004089480269784
17.342533867340535, -23.78653686773032, 0.3004089480269784
17.16835220757639, -23.593992793001235, 0.3004089480269784
17.005071333085652, -23.407015980686992, 0.30831324198126164
16.843398955767043, -23.197870970238, 0.30831324198126164
16.672364212048706, -22.992400365881622, 0.2925046540726951
16.509120460541453, -22.78879478899762, 0.2925046540726951
16.359887290163897, -22.59445871412754, 0.30831324198126164
16.220028865674976, -22.39090530993417, 0.3004089480269784
16.064596727781463, -22.179926560260355, 0.3004089480269784
15.915384187712334, -21.97635227907449, 0.3004089480269784
15.76772243209416, -21.77647675573826, 0.3162175359355449
15.615412475308403, -21.563657317776233, 0.2925046540726951
15.453752525441814, -21.348969363607466, 0.2925046540726951
15.313910627795849, -21.138025387190282, 0.30831324198126164
15.180308941518888, -20.925247685052454, 0.2925046540726951
15.03891627799021, -20.710604947060347, 0.30831324198126164
14.895939866371918, -20.50704456679523, 0.2925046540726951
14.76547685242258, -20.28503561625257, 0.30831324198126164
14.658419766288716, -20.053840648382902, 0.2925046540726951
14.548211662448011, -19.837419838178903, 0.30831324198126164
14.436444542952813, -19.62099554669112, 0.28460036011841183
14.33095061511267, -19.38795641437173, 0.3004089480269784
14.245740448939614, -19.14757194602862, 0.2925046540726951
14.158950652577914, -18.916422195732594, 0.30831324198126164
14.061280702822842, -18.6704669771716, 0.3280739768669698
13.957407657057047, -18.40971672674641, 0.3280739768669698
13.850416576315183, -18.148959515150636, 0.30831324198126164
13.743421375984326, -17.890049944166094, 0.3004089480269784
13.645730832475238, -17.653332917951047, 0.3004089480269784
13.560520698316395, -17.412948444020003, 0.3162175359355449
13.476881957321893, -17.167024527676404, 0.3162175359355449
13.387011265498586, -16.91923905722797, 0.3004089480269784
13.290920987608843, -16.664049111306667, 0.3162175359355449
13.19946654496016, -16.427345995791256, 0.3162175359355449
13.106448963750154, -16.192487040534616, 0.3359935300759911
13.01030922413338, -15.959468765184283, 0.32016968291268655
12.898624643741641, -15.706091665197164, 0.28460036011841183
12.804031564563047, -15.478619786445051, 0.28460036011841183
12.737504971795715, -15.249362889211625, 0.30831324198126164
12.672529153409414, -15.023804747965187, 0.30831324198126164
12.592016740934923, -14.774192502256483, 0.3359935300759911
12.509941192111, -14.526424419134855, 0.3359935300759911
12.418548635323532, -14.262006702832878, 0.3359935300759911
12.327156083541922, -13.997588985599577, 0.3004089480269784
12.237268955155741, -13.7571940603666, 0.2925046540726951
12.155139820242766, -13.533445284701884, 0.2925046540726951
12.07767950114794, -13.31340222619474, 0.32016968291268655
11.99711351870792, -13.087809289805591, 0.3162175359355449
11.91031145985471, -12.862202435266227, 0.3162175359355449
11.81264574819943, -12.61439955374226, 0.32016968291268655
11.718052724259906, -12.386927660554647, 0.3280739768669698
11.612604295485653, -12.133564461488277, 0.30831324198126164
11.504017217142973, -11.889432499185205, 0.30831324198126164
11.406293801381253, -11.66749656572938, 0.2925046540726951
11.311704917054158, -11.43817702960223, 0.28460036011841183
11.22953459166456, -11.23290464328602, 0.30831324198126164
11.147372514067683, -11.023936974816024, 0.32016968291268655
11.043470763717778, -10.776120166759938, 0.3004089480269784
10.945792724727653, -10.533860192168504, 0.3162175359355449
10.848081705451477, -10.306381333619356, 0.3004089480269784
10.747260897245724, -10.075200234539807, 0.3004089480269784
10.663560438086279, -9.856990885920823, 0.28460036011841183
10.573615660017822, -9.642462897114456, 0.28460036011841183
10.488323201599997, -9.439031182322651, 0.28460036011841183
10.401496471313294, -9.224510152358562, 0.3004089480269784
10.308437790721655, -9.008127563167363, 0.3004089480269784
10.213820095465053, -8.79174149222672, 0.3280739768669698
10.111473287688568, -8.545775791630149, 0.30831324198126164
10.00132726796437, -8.301640331745148, 0.2925046540726951
9.902036653889809, -8.083396180532873, 0.2925046540726951
9.804296815593261, -7.868850788567215, 0.2925046540726951
9.698761888605077, -7.654287994839251, 0.2925046540726951
9.593231089878827, -7.437877563294023, 0.30831324198126164
9.486145400907844, -7.219616010319442, 0.2925046540726951
9.371264624234755, -7.001337057445198, 0.30831324198126164
9.254828957957216, -6.781206984538585, 0.2925046540726951
9.136834278411698, -6.5610734317451715, 0.2925046540726951
9.02346717409091, -6.3631219901144505, 0.2925046540726951
8.897665041557048, -6.148513953667134, 0.30831324198126164
8.774980948772281, -5.933912875596434, 0.3162175359355449
8.646064914413728, -5.717450236901641, 0.3162175359355449
8.504701482772361, -5.489873921498656, 0.3004089480269784
8.357110232580453, -5.258588407654315, 0.3162175359355449
8.214171300351154, -5.038399166893214, 0.3162175359355449
8.060319244978018, -4.818185565061867, 0.3162175359355449
7.909585235174745, -4.597978921141475, 0.32016968291268655
7.75260278530186, -4.383301274385303, 0.32016968291268655
7.5987177605275065, -4.1778687834739685, 0.3004089480269784
7.4821543213911355, -4.015015513636172, 0.3004089480269784
7.3407455738051794, -3.8077632170170546, 0.3004089480269784
7.1993244622135535, -3.606053836643696, 0.2925046540726951
7.061025516479276, -3.402503772638738, 0.2925046540726951
6.924293842690531, -3.1952619096264243, 0.2925046540726951
6.776657295587938, -2.9843004043214023, 0.3004089480269784
6.63212229590863, -2.780736416578293, 0.3004089480269784
6.489146320091095, -2.5771759059280157, 0.2925046540726951
6.341501543065533, -2.3699096739292145, 0.2925046540726951
6.175078448257409, -2.1940115513280034, 0.28460036011841183
5.993032185011543, -2.032859741244465, 0.27669606616412856
5.824967596796341, -1.8939109244383872, 0.28460036011841183
5.636639905453194, -1.7530692229047418, 0.2925046540726951
5.418711506237742, -1.6029231967404485, 0.2925046540726951
5.1851063227513805, -1.4915427947416902, 0.2925046540726951
4.939016629825346, -1.3856774629093707, 0.2925046540726951
4.702243926527444, -1.2964617633260787, 0.2925046540726951
4.4623078212025575, -1.2275631320662796, 0.2925046540726951
4.223881238256581, -1.180839650798589, 0.27669606616412856
3.9854340362362564, -1.143354361411184, 0.27669606616412856
3.7594218537560664, -1.1225256654433906, 0.2925046540726951
3.516248104337137, -1.1072015990503132, 0.2925046540726951
3.2699191966676153, -1.1084993202239275, 0.2925046540726951
3.0126606638659723, -1.1171632292680442, 0.2925046540726951
2.7475699203205295, -1.1424384866841137, 0.2925046540726951
2.4902618883061223, -1.1732740569859743, 0.2925046540726951
2.2314690856728703, -1.1708486308343709, 0.2925046540726951
1.9742229278199375, -1.1739695933647454, 0.27669606616412856
1.732591696549207, -1.1660395222716033, 0.27669606616412856
1.506517640023958, -1.1729253674857318, 0.27669606616412856
1.2648492819280364, -1.1816240409389138, 0.27669606616412856
1.0169366000336595, -1.194004062563181, 0.2925046540726951
0.76284147874685, -1.1823508404195309, 0.2925046540726951
0.5025061622727662, -1.172531328164041, 0.27669606616412856
0.22966982511570677, -1.1756174378097057, 3.051850947599719e-05
